Date,Date_mod,deaths
2015M01D01,2015-01-01,161
2015M01D02,2015-01-02,188
2015M01D03,2015-01-03,166
2015M01D04,2015-01-04,133
2015M01D05,2015-01-05,158
2015M01D06,2015-01-06,150
2015M01D07,2015-01-07,166
2015M01D08,2015-01-08,172
2015M01D09,2015-01-09,158
2015M01D10,2015-01-10,142
2015M01D11,2015-01-11,162
2015M01D12,2015-01-12,178
2015M01D13,2015-01-13,149
2015M01D14,2015-01-14,178
2015M01D15,2015-01-15,165
2015M01D16,2015-01-16,148
2015M01D17,2015-01-17,131
2015M01D18,2015-01-18,144
2015M01D19,2015-01-19,158
2015M01D20,2015-01-20,149
2015M01D21,2015-01-21,141
2015M01D22,2015-01-22,154
2015M01D23,2015-01-23,174
2015M01D24,2015-01-24,157
2015M01D25,2015-01-25,135
2015M01D26,2015-01-26,139
2015M01D27,2015-01-27,160
2015M01D28,2015-01-28,149
2015M01D29,2015-01-29,153
2015M01D30,2015-01-30,168
2015M01D31,2015-01-31,159
2015M02D01,2015-02-01,158
2015M02D02,2015-02-02,178
2015M02D03,2015-02-03,158
2015M02D04,2015-02-04,151
2015M02D05,2015-02-05,147
2015M02D06,2015-02-06,175
2015M02D07,2015-02-07,156
2015M02D08,2015-02-08,153
2015M02D09,2015-02-09,158
2015M02D10,2015-02-10,165
2015M02D11,2015-02-11,155
2015M02D12,2015-02-12,151
2015M02D13,2015-02-13,160
2015M02D14,2015-02-14,167
2015M02D15,2015-02-15,150
2015M02D16,2015-02-16,158
2015M02D17,2015-02-17,152
2015M02D18,2015-02-18,146
2015M02D19,2015-02-19,167
2015M02D20,2015-02-20,189
2015M02D21,2015-02-21,164
2015M02D22,2015-02-22,155
2015M02D23,2015-02-23,172
2015M02D24,2015-02-24,177
2015M02D25,2015-02-25,150
2015M02D26,2015-02-26,170
2015M02D27,2015-02-27,161
2015M02D28,2015-02-28,165
2015M03D01,2015-03-01,182
2015M03D02,2015-03-02,166
2015M03D03,2015-03-03,173
2015M03D04,2015-03-04,160
2015M03D05,2015-03-05,188
2015M03D06,2015-03-06,161
2015M03D07,2015-03-07,188
2015M03D08,2015-03-08,174
2015M03D09,2015-03-09,171
2015M03D10,2015-03-10,159
2015M03D11,2015-03-11,195
2015M03D12,2015-03-12,169
2015M03D13,2015-03-13,178
2015M03D14,2015-03-14,153
2015M03D15,2015-03-15,159
2015M03D16,2015-03-16,162
2015M03D17,2015-03-17,165
2015M03D18,2015-03-18,168
2015M03D19,2015-03-19,145
2015M03D20,2015-03-20,153
2015M03D21,2015-03-21,139
2015M03D22,2015-03-22,154
2015M03D23,2015-03-23,152
2015M03D24,2015-03-24,162
2015M03D25,2015-03-25,160
2015M03D26,2015-03-26,156
2015M03D27,2015-03-27,164
2015M03D28,2015-03-28,146
2015M03D29,2015-03-29,153
2015M03D30,2015-03-30,138
2015M03D31,2015-03-31,152
2015M04D01,2015-04-01,146
2015M04D02,2015-04-02,157
2015M04D03,2015-04-03,140
2015M04D04,2015-04-04,147
2015M04D05,2015-04-05,164
2015M04D06,2015-04-06,117
2015M04D07,2015-04-07,165
2015M04D08,2015-04-08,164
2015M04D09,2015-04-09,152
2015M04D10,2015-04-10,159
2015M04D11,2015-04-11,169
2015M04D12,2015-04-12,155
2015M04D13,2015-04-13,144
2015M04D14,2015-04-14,159
2015M04D15,2015-04-15,143
2015M04D16,2015-04-16,163
2015M04D17,2015-04-17,149
2015M04D18,2015-04-18,144
2015M04D19,2015-04-19,150
2015M04D20,2015-04-20,145
2015M04D21,2015-04-21,113
2015M04D22,2015-04-22,141
2015M04D23,2015-04-23,134
2015M04D24,2015-04-24,147
2015M04D25,2015-04-25,134
2015M04D26,2015-04-26,120
2015M04D27,2015-04-27,141
2015M04D28,2015-04-28,138
2015M04D29,2015-04-29,139
2015M04D30,2015-04-30,146
2015M05D01,2015-05-01,156
2015M05D02,2015-05-02,127
2015M05D03,2015-05-03,149
2015M05D04,2015-05-04,147
2015M05D05,2015-05-05,119
2015M05D06,2015-05-06,145
2015M05D07,2015-05-07,141
2015M05D08,2015-05-08,155
2015M05D09,2015-05-09,138
2015M05D10,2015-05-10,133
2015M05D11,2015-05-11,152
2015M05D12,2015-05-12,142
2015M05D13,2015-05-13,136
2015M05D14,2015-05-14,108
2015M05D15,2015-05-15,138
2015M05D16,2015-05-16,118
2015M05D17,2015-05-17,127
2015M05D18,2015-05-18,139
2015M05D19,2015-05-19,144
2015M05D20,2015-05-20,138
2015M05D21,2015-05-21,152
2015M05D22,2015-05-22,115
2015M05D23,2015-05-23,153
2015M05D24,2015-05-24,133
2015M05D25,2015-05-25,117
2015M05D26,2015-05-26,129
2015M05D27,2015-05-27,125
2015M05D28,2015-05-28,155
2015M05D29,2015-05-29,160
2015M05D30,2015-05-30,143
2015M05D31,2015-05-31,148
2015M06D01,2015-06-01,149
2015M06D02,2015-06-02,147
2015M06D03,2015-06-03,146
2015M06D04,2015-06-04,133
2015M06D05,2015-06-05,138
2015M06D06,2015-06-06,130
2015M06D07,2015-06-07,116
2015M06D08,2015-06-08,121
2015M06D09,2015-06-09,146
2015M06D10,2015-06-10,150
2015M06D11,2015-06-11,139
2015M06D12,2015-06-12,151
2015M06D13,2015-06-13,163
2015M06D14,2015-06-14,147
2015M06D15,2015-06-15,125
2015M06D16,2015-06-16,151
2015M06D17,2015-06-17,118
2015M06D18,2015-06-18,128
2015M06D19,2015-06-19,140
2015M06D20,2015-06-20,131
2015M06D21,2015-06-21,120
2015M06D22,2015-06-22,130
2015M06D23,2015-06-23,133
2015M06D24,2015-06-24,131
2015M06D25,2015-06-25,114
2015M06D26,2015-06-26,138
2015M06D27,2015-06-27,137
2015M06D28,2015-06-28,114
2015M06D29,2015-06-29,131
2015M06D30,2015-06-30,143
2015M07D01,2015-07-01,133
2015M07D02,2015-07-02,114
2015M07D03,2015-07-03,149
2015M07D04,2015-07-04,136
2015M07D05,2015-07-05,136
2015M07D06,2015-07-06,143
2015M07D07,2015-07-07,143
2015M07D08,2015-07-08,129
2015M07D09,2015-07-09,137
2015M07D10,2015-07-10,126
2015M07D11,2015-07-11,136
2015M07D12,2015-07-12,137
2015M07D13,2015-07-13,145
2015M07D14,2015-07-14,134
2015M07D15,2015-07-15,131
2015M07D16,2015-07-16,97
2015M07D17,2015-07-17,141
2015M07D18,2015-07-18,138
2015M07D19,2015-07-19,131
2015M07D20,2015-07-20,122
2015M07D21,2015-07-21,147
2015M07D22,2015-07-22,147
2015M07D23,2015-07-23,132
2015M07D24,2015-07-24,137
2015M07D25,2015-07-25,121
2015M07D26,2015-07-26,145
2015M07D27,2015-07-27,141
2015M07D28,2015-07-28,134
2015M07D29,2015-07-29,144
2015M07D30,2015-07-30,124
2015M07D31,2015-07-31,129
2015M08D01,2015-08-01,126
2015M08D02,2015-08-02,149
2015M08D03,2015-08-03,139
2015M08D04,2015-08-04,146
2015M08D05,2015-08-05,135
2015M08D06,2015-08-06,126
2015M08D07,2015-08-07,151
2015M08D08,2015-08-08,131
2015M08D09,2015-08-09,101
2015M08D10,2015-08-10,151
2015M08D11,2015-08-11,164
2015M08D12,2015-08-12,124
2015M08D13,2015-08-13,124
2015M08D14,2015-08-14,132
2015M08D15,2015-08-15,134
2015M08D16,2015-08-16,124
2015M08D17,2015-08-17,140
2015M08D18,2015-08-18,116
2015M08D19,2015-08-19,127
2015M08D20,2015-08-20,131
2015M08D21,2015-08-21,110
2015M08D22,2015-08-22,149
2015M08D23,2015-08-23,153
2015M08D24,2015-08-24,142
2015M08D25,2015-08-25,128
2015M08D26,2015-08-26,122
2015M08D27,2015-08-27,123
2015M08D28,2015-08-28,125
2015M08D29,2015-08-29,126
2015M08D30,2015-08-30,135
2015M08D31,2015-08-31,129
2015M09D01,2015-09-01,120
2015M09D02,2015-09-02,141
2015M09D03,2015-09-03,117
2015M09D04,2015-09-04,117
2015M09D05,2015-09-05,120
2015M09D06,2015-09-06,135
2015M09D07,2015-09-07,126
2015M09D08,2015-09-08,137
2015M09D09,2015-09-09,121
2015M09D10,2015-09-10,123
2015M09D11,2015-09-11,123
2015M09D12,2015-09-12,162
2015M09D13,2015-09-13,121
2015M09D14,2015-09-14,153
2015M09D15,2015-09-15,144
2015M09D16,2015-09-16,136
2015M09D17,2015-09-17,147
2015M09D18,2015-09-18,112
2015M09D19,2015-09-19,126
2015M09D20,2015-09-20,124
2015M09D21,2015-09-21,126
2015M09D22,2015-09-22,129
2015M09D23,2015-09-23,129
2015M09D24,2015-09-24,141
2015M09D25,2015-09-25,146
2015M09D26,2015-09-26,146
2015M09D27,2015-09-27,146
2015M09D28,2015-09-28,130
2015M09D29,2015-09-29,130
2015M09D30,2015-09-30,131
2015M10D01,2015-10-01,139
2015M10D02,2015-10-02,139
2015M10D03,2015-10-03,148
2015M10D04,2015-10-04,142
2015M10D05,2015-10-05,138
2015M10D06,2015-10-06,133
2015M10D07,2015-10-07,123
2015M10D08,2015-10-08,117
2015M10D09,2015-10-09,130
2015M10D10,2015-10-10,149
2015M10D11,2015-10-11,137
2015M10D12,2015-10-12,128
2015M10D13,2015-10-13,125
2015M10D14,2015-10-14,116
2015M10D15,2015-10-15,146
2015M10D16,2015-10-16,149
2015M10D17,2015-10-17,133
2015M10D18,2015-10-18,151
2015M10D19,2015-10-19,128
2015M10D20,2015-10-20,138
2015M10D21,2015-10-21,137
2015M10D22,2015-10-22,157
2015M10D23,2015-10-23,159
2015M10D24,2015-10-24,136
2015M10D25,2015-10-25,142
2015M10D26,2015-10-26,154
2015M10D27,2015-10-27,118
2015M10D28,2015-10-28,142
2015M10D29,2015-10-29,151
2015M10D30,2015-10-30,149
2015M10D31,2015-10-31,131
2015M11D01,2015-11-01,148
2015M11D02,2015-11-02,139
2015M11D03,2015-11-03,123
2015M11D04,2015-11-04,158
2015M11D05,2015-11-05,134
2015M11D06,2015-11-06,141
2015M11D07,2015-11-07,125
2015M11D08,2015-11-08,151
2015M11D09,2015-11-09,139
2015M11D10,2015-11-10,146
2015M11D11,2015-11-11,171
2015M11D12,2015-11-12,139
2015M11D13,2015-11-13,128
2015M11D14,2015-11-14,118
2015M11D15,2015-11-15,144
2015M11D16,2015-11-16,153
2015M11D17,2015-11-17,120
2015M11D18,2015-11-18,146
2015M11D19,2015-11-19,145
2015M11D20,2015-11-20,132
2015M11D21,2015-11-21,152
2015M11D22,2015-11-22,138
2015M11D23,2015-11-23,151
2015M11D24,2015-11-24,158
2015M11D25,2015-11-25,141
2015M11D26,2015-11-26,152
2015M11D27,2015-11-27,152
2015M11D28,2015-11-28,169
2015M11D29,2015-11-29,160
2015M11D30,2015-11-30,160
2015M12D01,2015-12-01,158
2015M12D02,2015-12-02,158
2015M12D03,2015-12-03,144
2015M12D04,2015-12-04,162
2015M12D05,2015-12-05,175
2015M12D06,2015-12-06,148
2015M12D07,2015-12-07,135
2015M12D08,2015-12-08,152
2015M12D09,2015-12-09,133
2015M12D10,2015-12-10,166
2015M12D11,2015-12-11,164
2015M12D12,2015-12-12,144
2015M12D13,2015-12-13,139
2015M12D14,2015-12-14,155
2015M12D15,2015-12-15,141
2015M12D16,2015-12-16,134
2015M12D17,2015-12-17,152
2015M12D18,2015-12-18,166
2015M12D19,2015-12-19,151
2015M12D20,2015-12-20,125
2015M12D21,2015-12-21,137
2015M12D22,2015-12-22,148
2015M12D23,2015-12-23,154
2015M12D24,2015-12-24,144
2015M12D25,2015-12-25,129
2015M12D26,2015-12-26,130
2015M12D27,2015-12-27,152
2015M12D28,2015-12-28,108
2015M12D29,2015-12-29,149
2015M12D30,2015-12-30,170
2015M12D31,2015-12-31,158
2016M01D01,2016-01-01,139
2016M01D02,2016-01-02,133
2016M01D03,2016-01-03,129
2016M01D04,2016-01-04,143
2016M01D05,2016-01-05,160
2016M01D06,2016-01-06,161
2016M01D07,2016-01-07,145
2016M01D08,2016-01-08,173
2016M01D09,2016-01-09,165
2016M01D10,2016-01-10,156
2016M01D11,2016-01-11,149
2016M01D12,2016-01-12,164
2016M01D13,2016-01-13,140
2016M01D14,2016-01-14,153
2016M01D15,2016-01-15,160
2016M01D16,2016-01-16,144
2016M01D17,2016-01-17,155
2016M01D18,2016-01-18,126
2016M01D19,2016-01-19,156
2016M01D20,2016-01-20,146
2016M01D21,2016-01-21,152
2016M01D22,2016-01-22,164
2016M01D23,2016-01-23,155
2016M01D24,2016-01-24,147
2016M01D25,2016-01-25,162
2016M01D26,2016-01-26,156
2016M01D27,2016-01-27,159
2016M01D28,2016-01-28,187
2016M01D29,2016-01-29,152
2016M01D30,2016-01-30,145
2016M01D31,2016-01-31,163
2016M02D01,2016-02-01,175
2016M02D02,2016-02-02,161
2016M02D03,2016-02-03,141
2016M02D04,2016-02-04,142
2016M02D05,2016-02-05,143
2016M02D06,2016-02-06,171
2016M02D07,2016-02-07,150
2016M02D08,2016-02-08,155
2016M02D09,2016-02-09,146
2016M02D10,2016-02-10,152
2016M02D11,2016-02-11,151
2016M02D12,2016-02-12,154
2016M02D13,2016-02-13,139
2016M02D14,2016-02-14,143
2016M02D15,2016-02-15,136
2016M02D16,2016-02-16,151
2016M02D17,2016-02-17,161
2016M02D18,2016-02-18,146
2016M02D19,2016-02-19,167
2016M02D20,2016-02-20,160
2016M02D21,2016-02-21,141
2016M02D22,2016-02-22,148
2016M02D23,2016-02-23,143
2016M02D24,2016-02-24,157
2016M02D25,2016-02-25,150
2016M02D26,2016-02-26,176
2016M02D27,2016-02-27,156
2016M02D28,2016-02-28,194
2016M02D29,2016-02-29,150
2016M03D01,2016-03-01,163
2016M03D02,2016-03-02,162
2016M03D03,2016-03-03,162
2016M03D04,2016-03-04,169
2016M03D05,2016-03-05,171
2016M03D06,2016-03-06,166
2016M03D07,2016-03-07,168
2016M03D08,2016-03-08,174
2016M03D09,2016-03-09,142
2016M03D10,2016-03-10,172
2016M03D11,2016-03-11,163
2016M03D12,2016-03-12,172
2016M03D13,2016-03-13,158
2016M03D14,2016-03-14,192
2016M03D15,2016-03-15,147
2016M03D16,2016-03-16,163
2016M03D17,2016-03-17,141
2016M03D18,2016-03-18,168
2016M03D19,2016-03-19,171
2016M03D20,2016-03-20,177
2016M03D21,2016-03-21,169
2016M03D22,2016-03-22,171
2016M03D23,2016-03-23,154
2016M03D24,2016-03-24,154
2016M03D25,2016-03-25,145
2016M03D26,2016-03-26,139
2016M03D27,2016-03-27,142
2016M03D28,2016-03-28,171
2016M03D29,2016-03-29,158
2016M03D30,2016-03-30,150
2016M03D31,2016-03-31,160
2016M04D01,2016-04-01,150
2016M04D02,2016-04-02,158
2016M04D03,2016-04-03,137
2016M04D04,2016-04-04,146
2016M04D05,2016-04-05,144
2016M04D06,2016-04-06,153
2016M04D07,2016-04-07,143
2016M04D08,2016-04-08,149
2016M04D09,2016-04-09,145
2016M04D10,2016-04-10,143
2016M04D11,2016-04-11,150
2016M04D12,2016-04-12,137
2016M04D13,2016-04-13,147
2016M04D14,2016-04-14,154
2016M04D15,2016-04-15,160
2016M04D16,2016-04-16,164
2016M04D17,2016-04-17,159
2016M04D18,2016-04-18,136
2016M04D19,2016-04-19,142
2016M04D20,2016-04-20,132
2016M04D21,2016-04-21,159
2016M04D22,2016-04-22,150
2016M04D23,2016-04-23,143
2016M04D24,2016-04-24,148
2016M04D25,2016-04-25,146
2016M04D26,2016-04-26,146
2016M04D27,2016-04-27,126
2016M04D28,2016-04-28,160
2016M04D29,2016-04-29,132
2016M04D30,2016-04-30,150
2016M05D01,2016-05-01,125
2016M05D02,2016-05-02,149
2016M05D03,2016-05-03,136
2016M05D04,2016-05-04,146
2016M05D05,2016-05-05,137
2016M05D06,2016-05-06,160
2016M05D07,2016-05-07,149
2016M05D08,2016-05-08,165
2016M05D09,2016-05-09,127
2016M05D10,2016-05-10,163
2016M05D11,2016-05-11,165
2016M05D12,2016-05-12,144
2016M05D13,2016-05-13,136
2016M05D14,2016-05-14,154
2016M05D15,2016-05-15,134
2016M05D16,2016-05-16,115
2016M05D17,2016-05-17,128
2016M05D18,2016-05-18,149
2016M05D19,2016-05-19,136
2016M05D20,2016-05-20,137
2016M05D21,2016-05-21,130
2016M05D22,2016-05-22,140
2016M05D23,2016-05-23,149
2016M05D24,2016-05-24,130
2016M05D25,2016-05-25,145
2016M05D26,2016-05-26,140
2016M05D27,2016-05-27,153
2016M05D28,2016-05-28,137
2016M05D29,2016-05-29,121
2016M05D30,2016-05-30,144
2016M05D31,2016-05-31,128
2016M06D01,2016-06-01,137
2016M06D02,2016-06-02,150
2016M06D03,2016-06-03,131
2016M06D04,2016-06-04,141
2016M06D05,2016-06-05,122
2016M06D06,2016-06-06,143
2016M06D07,2016-06-07,134
2016M06D08,2016-06-08,129
2016M06D09,2016-06-09,116
2016M06D10,2016-06-10,118
2016M06D11,2016-06-11,128
2016M06D12,2016-06-12,145
2016M06D13,2016-06-13,146
2016M06D14,2016-06-14,131
2016M06D15,2016-06-15,135
2016M06D16,2016-06-16,122
2016M06D17,2016-06-17,145
2016M06D18,2016-06-18,117
2016M06D19,2016-06-19,124
2016M06D20,2016-06-20,127
2016M06D21,2016-06-21,139
2016M06D22,2016-06-22,157
2016M06D23,2016-06-23,130
2016M06D24,2016-06-24,158
2016M06D25,2016-06-25,140
2016M06D26,2016-06-26,132
2016M06D27,2016-06-27,140
2016M06D28,2016-06-28,109
2016M06D29,2016-06-29,119
2016M06D30,2016-06-30,133
2016M07D01,2016-07-01,154
2016M07D02,2016-07-02,117
2016M07D03,2016-07-03,125
2016M07D04,2016-07-04,130
2016M07D05,2016-07-05,125
2016M07D06,2016-07-06,130
2016M07D07,2016-07-07,128
2016M07D08,2016-07-08,125
2016M07D09,2016-07-09,136
2016M07D10,2016-07-10,150
2016M07D11,2016-07-11,132
2016M07D12,2016-07-12,138
2016M07D13,2016-07-13,126
2016M07D14,2016-07-14,124
2016M07D15,2016-07-15,133
2016M07D16,2016-07-16,122
2016M07D17,2016-07-17,123
2016M07D18,2016-07-18,135
2016M07D19,2016-07-19,124
2016M07D20,2016-07-20,146
2016M07D21,2016-07-21,133
2016M07D22,2016-07-22,148
2016M07D23,2016-07-23,140
2016M07D24,2016-07-24,145
2016M07D25,2016-07-25,148
2016M07D26,2016-07-26,169
2016M07D27,2016-07-27,117
2016M07D28,2016-07-28,135
2016M07D29,2016-07-29,159
2016M07D30,2016-07-30,129
2016M07D31,2016-07-31,105
2016M08D01,2016-08-01,123
2016M08D02,2016-08-02,132
2016M08D03,2016-08-03,116
2016M08D04,2016-08-04,139
2016M08D05,2016-08-05,131
2016M08D06,2016-08-06,144
2016M08D07,2016-08-07,117
2016M08D08,2016-08-08,158
2016M08D09,2016-08-09,113
2016M08D10,2016-08-10,141
2016M08D11,2016-08-11,122
2016M08D12,2016-08-12,150
2016M08D13,2016-08-13,129
2016M08D14,2016-08-14,143
2016M08D15,2016-08-15,141
2016M08D16,2016-08-16,115
2016M08D17,2016-08-17,131
2016M08D18,2016-08-18,121
2016M08D19,2016-08-19,133
2016M08D20,2016-08-20,146
2016M08D21,2016-08-21,127
2016M08D22,2016-08-22,133
2016M08D23,2016-08-23,131
2016M08D24,2016-08-24,142
2016M08D25,2016-08-25,157
2016M08D26,2016-08-26,148
2016M08D27,2016-08-27,127
2016M08D28,2016-08-28,133
2016M08D29,2016-08-29,136
2016M08D30,2016-08-30,137
2016M08D31,2016-08-31,123
2016M09D01,2016-09-01,131
2016M09D02,2016-09-02,134
2016M09D03,2016-09-03,125
2016M09D04,2016-09-04,136
2016M09D05,2016-09-05,137
2016M09D06,2016-09-06,135
2016M09D07,2016-09-07,144
2016M09D08,2016-09-08,140
2016M09D09,2016-09-09,125
2016M09D10,2016-09-10,161
2016M09D11,2016-09-11,113
2016M09D12,2016-09-12,112
2016M09D13,2016-09-13,137
2016M09D14,2016-09-14,131
2016M09D15,2016-09-15,153
2016M09D16,2016-09-16,131
2016M09D17,2016-09-17,131
2016M09D18,2016-09-18,137
2016M09D19,2016-09-19,132
2016M09D20,2016-09-20,136
2016M09D21,2016-09-21,114
2016M09D22,2016-09-22,151
2016M09D23,2016-09-23,128
2016M09D24,2016-09-24,129
2016M09D25,2016-09-25,114
2016M09D26,2016-09-26,128
2016M09D27,2016-09-27,154
2016M09D28,2016-09-28,142
2016M09D29,2016-09-29,138
2016M09D30,2016-09-30,150
2016M10D01,2016-10-01,152
2016M10D02,2016-10-02,119
2016M10D03,2016-10-03,122
2016M10D04,2016-10-04,103
2016M10D05,2016-10-05,134
2016M10D06,2016-10-06,123
2016M10D07,2016-10-07,136
2016M10D08,2016-10-08,139
2016M10D09,2016-10-09,153
2016M10D10,2016-10-10,143
2016M10D11,2016-10-11,149
2016M10D12,2016-10-12,141
2016M10D13,2016-10-13,169
2016M10D14,2016-10-14,140
2016M10D15,2016-10-15,140
2016M10D16,2016-10-16,140
2016M10D17,2016-10-17,165
2016M10D18,2016-10-18,142
2016M10D19,2016-10-19,149
2016M10D20,2016-10-20,148
2016M10D21,2016-10-21,152
2016M10D22,2016-10-22,139
2016M10D23,2016-10-23,145
2016M10D24,2016-10-24,127
2016M10D25,2016-10-25,141
2016M10D26,2016-10-26,155
2016M10D27,2016-10-27,144
2016M10D28,2016-10-28,132
2016M10D29,2016-10-29,139
2016M10D30,2016-10-30,151
2016M10D31,2016-10-31,155
2016M11D01,2016-11-01,147
2016M11D02,2016-11-02,143
2016M11D03,2016-11-03,143
2016M11D04,2016-11-04,136
2016M11D05,2016-11-05,147
2016M11D06,2016-11-06,132
2016M11D07,2016-11-07,167
2016M11D08,2016-11-08,138
2016M11D09,2016-11-09,133
2016M11D10,2016-11-10,152
2016M11D11,2016-11-11,124
2016M11D12,2016-11-12,163
2016M11D13,2016-11-13,140
2016M11D14,2016-11-14,140
2016M11D15,2016-11-15,160
2016M11D16,2016-11-16,149
2016M11D17,2016-11-17,145
2016M11D18,2016-11-18,155
2016M11D19,2016-11-19,150
2016M11D20,2016-11-20,146
2016M11D21,2016-11-21,181
2016M11D22,2016-11-22,148
2016M11D23,2016-11-23,154
2016M11D24,2016-11-24,140
2016M11D25,2016-11-25,147
2016M11D26,2016-11-26,143
2016M11D27,2016-11-27,133
2016M11D28,2016-11-28,154
2016M11D29,2016-11-29,140
2016M11D30,2016-11-30,157
2016M12D01,2016-12-01,156
2016M12D02,2016-12-02,144
2016M12D03,2016-12-03,132
2016M12D04,2016-12-04,127
2016M12D05,2016-12-05,137
2016M12D06,2016-12-06,147
2016M12D07,2016-12-07,154
2016M12D08,2016-12-08,130
2016M12D09,2016-12-09,164
2016M12D10,2016-12-10,143
2016M12D11,2016-12-11,168
2016M12D12,2016-12-12,172
2016M12D13,2016-12-13,168
2016M12D14,2016-12-14,141
2016M12D15,2016-12-15,159
2016M12D16,2016-12-16,144
2016M12D17,2016-12-17,135
2016M12D18,2016-12-18,148
2016M12D19,2016-12-19,142
2016M12D20,2016-12-20,153
2016M12D21,2016-12-21,150
2016M12D22,2016-12-22,132
2016M12D23,2016-12-23,158
2016M12D24,2016-12-24,168
2016M12D25,2016-12-25,157
2016M12D26,2016-12-26,164
2016M12D27,2016-12-27,151
2016M12D28,2016-12-28,173
2016M12D29,2016-12-29,165
2016M12D30,2016-12-30,165
2016M12D31,2016-12-31,173
2017M01D01,2017-01-01,158
2017M01D02,2017-01-02,139
2017M01D03,2017-01-03,182
2017M01D04,2017-01-04,179
2017M01D05,2017-01-05,132
2017M01D06,2017-01-06,172
2017M01D07,2017-01-07,155
2017M01D08,2017-01-08,154
2017M01D09,2017-01-09,170
2017M01D10,2017-01-10,159
2017M01D11,2017-01-11,160
2017M01D12,2017-01-12,162
2017M01D13,2017-01-13,155
2017M01D14,2017-01-14,163
2017M01D15,2017-01-15,142
2017M01D16,2017-01-16,150
2017M01D17,2017-01-17,149
2017M01D18,2017-01-18,171
2017M01D19,2017-01-19,153
2017M01D20,2017-01-20,166
2017M01D21,2017-01-21,156
2017M01D22,2017-01-22,154
2017M01D23,2017-01-23,169
2017M01D24,2017-01-24,160
2017M01D25,2017-01-25,148
2017M01D26,2017-01-26,159
2017M01D27,2017-01-27,164
2017M01D28,2017-01-28,154
2017M01D29,2017-01-29,150
2017M01D30,2017-01-30,154
2017M01D31,2017-01-31,169
2017M02D01,2017-02-01,159
2017M02D02,2017-02-02,176
2017M02D03,2017-02-03,197
2017M02D04,2017-02-04,159
2017M02D05,2017-02-05,197
2017M02D06,2017-02-06,159
2017M02D07,2017-02-07,158
2017M02D08,2017-02-08,152
2017M02D09,2017-02-09,164
2017M02D10,2017-02-10,154
2017M02D11,2017-02-11,157
2017M02D12,2017-02-12,156
2017M02D13,2017-02-13,171
2017M02D14,2017-02-14,177
2017M02D15,2017-02-15,147
2017M02D16,2017-02-16,183
2017M02D17,2017-02-17,200
2017M02D18,2017-02-18,179
2017M02D19,2017-02-19,171
2017M02D20,2017-02-20,192
2017M02D21,2017-02-21,161
2017M02D22,2017-02-22,147
2017M02D23,2017-02-23,203
2017M02D24,2017-02-24,155
2017M02D25,2017-02-25,139
2017M02D26,2017-02-26,159
2017M02D27,2017-02-27,171
2017M02D28,2017-02-28,181
2017M03D01,2017-03-01,177
2017M03D02,2017-03-02,178
2017M03D03,2017-03-03,169
2017M03D04,2017-03-04,149
2017M03D05,2017-03-05,154
2017M03D06,2017-03-06,156
2017M03D07,2017-03-07,154
2017M03D08,2017-03-08,172
2017M03D09,2017-03-09,154
2017M03D10,2017-03-10,144
2017M03D11,2017-03-11,164
2017M03D12,2017-03-12,157
2017M03D13,2017-03-13,148
2017M03D14,2017-03-14,157
2017M03D15,2017-03-15,164
2017M03D16,2017-03-16,175
2017M03D17,2017-03-17,161
2017M03D18,2017-03-18,168
2017M03D19,2017-03-19,159
2017M03D20,2017-03-20,165
2017M03D21,2017-03-21,160
2017M03D22,2017-03-22,177
2017M03D23,2017-03-23,175
2017M03D24,2017-03-24,143
2017M03D25,2017-03-25,164
2017M03D26,2017-03-26,142
2017M03D27,2017-03-27,158
2017M03D28,2017-03-28,155
2017M03D29,2017-03-29,147
2017M03D30,2017-03-30,148
2017M03D31,2017-03-31,128
2017M04D01,2017-04-01,153
2017M04D02,2017-04-02,152
2017M04D03,2017-04-03,142
2017M04D04,2017-04-04,140
2017M04D05,2017-04-05,134
2017M04D06,2017-04-06,130
2017M04D07,2017-04-07,152
2017M04D08,2017-04-08,148
2017M04D09,2017-04-09,142
2017M04D10,2017-04-10,153
2017M04D11,2017-04-11,145
2017M04D12,2017-04-12,143
2017M04D13,2017-04-13,140
2017M04D14,2017-04-14,160
2017M04D15,2017-04-15,136
2017M04D16,2017-04-16,132
2017M04D17,2017-04-17,136
2017M04D18,2017-04-18,131
2017M04D19,2017-04-19,130
2017M04D20,2017-04-20,139
2017M04D21,2017-04-21,159
2017M04D22,2017-04-22,136
2017M04D23,2017-04-23,136
2017M04D24,2017-04-24,132
2017M04D25,2017-04-25,129
2017M04D26,2017-04-26,140
2017M04D27,2017-04-27,126
2017M04D28,2017-04-28,155
2017M04D29,2017-04-29,133
2017M04D30,2017-04-30,159
2017M05D01,2017-05-01,160
2017M05D02,2017-05-02,143
2017M05D03,2017-05-03,142
2017M05D04,2017-05-04,138
2017M05D05,2017-05-05,159
2017M05D06,2017-05-06,168
2017M05D07,2017-05-07,149
2017M05D08,2017-05-08,164
2017M05D09,2017-05-09,144
2017M05D10,2017-05-10,142
2017M05D11,2017-05-11,141
2017M05D12,2017-05-12,143
2017M05D13,2017-05-13,143
2017M05D14,2017-05-14,138
2017M05D15,2017-05-15,130
2017M05D16,2017-05-16,152
2017M05D17,2017-05-17,155
2017M05D18,2017-05-18,141
2017M05D19,2017-05-19,159
2017M05D20,2017-05-20,140
2017M05D21,2017-05-21,145
2017M05D22,2017-05-22,138
2017M05D23,2017-05-23,122
2017M05D24,2017-05-24,146
2017M05D25,2017-05-25,158
2017M05D26,2017-05-26,144
2017M05D27,2017-05-27,136
2017M05D28,2017-05-28,125
2017M05D29,2017-05-29,128
2017M05D30,2017-05-30,140
2017M05D31,2017-05-31,135
2017M06D01,2017-06-01,127
2017M06D02,2017-06-02,151
2017M06D03,2017-06-03,136
2017M06D04,2017-06-04,139
2017M06D05,2017-06-05,138
2017M06D06,2017-06-06,153
2017M06D07,2017-06-07,133
2017M06D08,2017-06-08,145
2017M06D09,2017-06-09,134
2017M06D10,2017-06-10,138
2017M06D11,2017-06-11,144
2017M06D12,2017-06-12,141
2017M06D13,2017-06-13,154
2017M06D14,2017-06-14,158
2017M06D15,2017-06-15,136
2017M06D16,2017-06-16,151
2017M06D17,2017-06-17,164
2017M06D18,2017-06-18,119
2017M06D19,2017-06-19,132
2017M06D20,2017-06-20,148
2017M06D21,2017-06-21,133
2017M06D22,2017-06-22,141
2017M06D23,2017-06-23,164
2017M06D24,2017-06-24,127
2017M06D25,2017-06-25,135
2017M06D26,2017-06-26,139
2017M06D27,2017-06-27,134
2017M06D28,2017-06-28,141
2017M06D29,2017-06-29,125
2017M06D30,2017-06-30,142
2017M07D01,2017-07-01,131
2017M07D02,2017-07-02,126
2017M07D03,2017-07-03,137
2017M07D04,2017-07-04,134
2017M07D05,2017-07-05,124
2017M07D06,2017-07-06,119
2017M07D07,2017-07-07,161
2017M07D08,2017-07-08,116
2017M07D09,2017-07-09,114
2017M07D10,2017-07-10,138
2017M07D11,2017-07-11,145
2017M07D12,2017-07-12,131
2017M07D13,2017-07-13,131
2017M07D14,2017-07-14,125
2017M07D15,2017-07-15,136
2017M07D16,2017-07-16,135
2017M07D17,2017-07-17,152
2017M07D18,2017-07-18,144
2017M07D19,2017-07-19,130
2017M07D20,2017-07-20,115
2017M07D21,2017-07-21,126
2017M07D22,2017-07-22,131
2017M07D23,2017-07-23,133
2017M07D24,2017-07-24,131
2017M07D25,2017-07-25,127
2017M07D26,2017-07-26,148
2017M07D27,2017-07-27,114
2017M07D28,2017-07-28,150
2017M07D29,2017-07-29,128
2017M07D30,2017-07-30,127
2017M07D31,2017-07-31,120
2017M08D01,2017-08-01,138
2017M08D02,2017-08-02,136
2017M08D03,2017-08-03,130
2017M08D04,2017-08-04,146
2017M08D05,2017-08-05,127
2017M08D06,2017-08-06,137
2017M08D07,2017-08-07,120
2017M08D08,2017-08-08,130
2017M08D09,2017-08-09,136
2017M08D10,2017-08-10,150
2017M08D11,2017-08-11,131
2017M08D12,2017-08-12,126
2017M08D13,2017-08-13,139
2017M08D14,2017-08-14,134
2017M08D15,2017-08-15,132
2017M08D16,2017-08-16,118
2017M08D17,2017-08-17,99
2017M08D18,2017-08-18,159
2017M08D19,2017-08-19,131
2017M08D20,2017-08-20,133
2017M08D21,2017-08-21,138
2017M08D22,2017-08-22,125
2017M08D23,2017-08-23,135
2017M08D24,2017-08-24,138
2017M08D25,2017-08-25,152
2017M08D26,2017-08-26,145
2017M08D27,2017-08-27,120
2017M08D28,2017-08-28,139
2017M08D29,2017-08-29,149
2017M08D30,2017-08-30,128
2017M08D31,2017-08-31,141
2017M09D01,2017-09-01,127
2017M09D02,2017-09-02,127
2017M09D03,2017-09-03,140
2017M09D04,2017-09-04,122
2017M09D05,2017-09-05,140
2017M09D06,2017-09-06,124
2017M09D07,2017-09-07,142
2017M09D08,2017-09-08,138
2017M09D09,2017-09-09,110
2017M09D10,2017-09-10,142
2017M09D11,2017-09-11,142
2017M09D12,2017-09-12,150
2017M09D13,2017-09-13,139
2017M09D14,2017-09-14,143
2017M09D15,2017-09-15,153
2017M09D16,2017-09-16,132
2017M09D17,2017-09-17,132
2017M09D18,2017-09-18,132
2017M09D19,2017-09-19,137
2017M09D20,2017-09-20,140
2017M09D21,2017-09-21,112
2017M09D22,2017-09-22,160
2017M09D23,2017-09-23,144
2017M09D24,2017-09-24,154
2017M09D25,2017-09-25,139
2017M09D26,2017-09-26,125
2017M09D27,2017-09-27,155
2017M09D28,2017-09-28,150
2017M09D29,2017-09-29,126
2017M09D30,2017-09-30,149
2017M10D01,2017-10-01,139
2017M10D02,2017-10-02,159
2017M10D03,2017-10-03,142
2017M10D04,2017-10-04,125
2017M10D05,2017-10-05,147
2017M10D06,2017-10-06,152
2017M10D07,2017-10-07,125
2017M10D08,2017-10-08,128
2017M10D09,2017-10-09,128
2017M10D10,2017-10-10,137
2017M10D11,2017-10-11,147
2017M10D12,2017-10-12,141
2017M10D13,2017-10-13,151
2017M10D14,2017-10-14,150
2017M10D15,2017-10-15,131
2017M10D16,2017-10-16,151
2017M10D17,2017-10-17,140
2017M10D18,2017-10-18,140
2017M10D19,2017-10-19,160
2017M10D20,2017-10-20,130
2017M10D21,2017-10-21,120
2017M10D22,2017-10-22,129
2017M10D23,2017-10-23,138
2017M10D24,2017-10-24,123
2017M10D25,2017-10-25,135
2017M10D26,2017-10-26,160
2017M10D27,2017-10-27,125
2017M10D28,2017-10-28,131
2017M10D29,2017-10-29,122
2017M10D30,2017-10-30,137
2017M10D31,2017-10-31,136
2017M11D01,2017-11-01,149
2017M11D02,2017-11-02,162
2017M11D03,2017-11-03,126
2017M11D04,2017-11-04,126
2017M11D05,2017-11-05,140
2017M11D06,2017-11-06,143
2017M11D07,2017-11-07,136
2017M11D08,2017-11-08,138
2017M11D09,2017-11-09,122
2017M11D10,2017-11-10,137
2017M11D11,2017-11-11,155
2017M11D12,2017-11-12,125
2017M11D13,2017-11-13,159
2017M11D14,2017-11-14,169
2017M11D15,2017-11-15,150
2017M11D16,2017-11-16,173
2017M11D17,2017-11-17,156
2017M11D18,2017-11-18,144
2017M11D19,2017-11-19,119
2017M11D20,2017-11-20,152
2017M11D21,2017-11-21,144
2017M11D22,2017-11-22,131
2017M11D23,2017-11-23,153
2017M11D24,2017-11-24,135
2017M11D25,2017-11-25,155
2017M11D26,2017-11-26,141
2017M11D27,2017-11-27,152
2017M11D28,2017-11-28,151
2017M11D29,2017-11-29,147
2017M11D30,2017-11-30,134
2017M12D01,2017-12-01,147
2017M12D02,2017-12-02,138
2017M12D03,2017-12-03,158
2017M12D04,2017-12-04,145
2017M12D05,2017-12-05,175
2017M12D06,2017-12-06,149
2017M12D07,2017-12-07,130
2017M12D08,2017-12-08,158
2017M12D09,2017-12-09,165
2017M12D10,2017-12-10,145
2017M12D11,2017-12-11,153
2017M12D12,2017-12-12,178
2017M12D13,2017-12-13,164
2017M12D14,2017-12-14,147
2017M12D15,2017-12-15,162
2017M12D16,2017-12-16,165
2017M12D17,2017-12-17,133
2017M12D18,2017-12-18,155
2017M12D19,2017-12-19,160
2017M12D20,2017-12-20,148
2017M12D21,2017-12-21,148
2017M12D22,2017-12-22,151
2017M12D23,2017-12-23,140
2017M12D24,2017-12-24,156
2017M12D25,2017-12-25,156
2017M12D26,2017-12-26,162
2017M12D27,2017-12-27,201
2017M12D28,2017-12-28,167
2017M12D29,2017-12-29,148
2017M12D30,2017-12-30,152
2017M12D31,2017-12-31,148
2018M01D01,2018-01-01,160
2018M01D02,2018-01-02,157
2018M01D03,2018-01-03,178
2018M01D04,2018-01-04,170
2018M01D05,2018-01-05,170
2018M01D06,2018-01-06,165
2018M01D07,2018-01-07,134
2018M01D08,2018-01-08,147
2018M01D09,2018-01-09,171
2018M01D10,2018-01-10,188
2018M01D11,2018-01-11,143
2018M01D12,2018-01-12,175
2018M01D13,2018-01-13,156
2018M01D14,2018-01-14,156
2018M01D15,2018-01-15,181
2018M01D16,2018-01-16,173
2018M01D17,2018-01-17,165
2018M01D18,2018-01-18,153
2018M01D19,2018-01-19,154
2018M01D20,2018-01-20,175
2018M01D21,2018-01-21,155
2018M01D22,2018-01-22,167
2018M01D23,2018-01-23,156
2018M01D24,2018-01-24,186
2018M01D25,2018-01-25,165
2018M01D26,2018-01-26,148
2018M01D27,2018-01-27,164
2018M01D28,2018-01-28,133
2018M01D29,2018-01-29,150
2018M01D30,2018-01-30,136
2018M01D31,2018-01-31,173
2018M02D01,2018-02-01,197
2018M02D02,2018-02-02,172
2018M02D03,2018-02-03,160
2018M02D04,2018-02-04,169
2018M02D05,2018-02-05,150
2018M02D06,2018-02-06,169
2018M02D07,2018-02-07,146
2018M02D08,2018-02-08,168
2018M02D09,2018-02-09,177
2018M02D10,2018-02-10,199
2018M02D11,2018-02-11,177
2018M02D12,2018-02-12,183
2018M02D13,2018-02-13,189
2018M02D14,2018-02-14,171
2018M02D15,2018-02-15,177
2018M02D16,2018-02-16,188
2018M02D17,2018-02-17,179
2018M02D18,2018-02-18,178
2018M02D19,2018-02-19,189
2018M02D20,2018-02-20,177
2018M02D21,2018-02-21,164
2018M02D22,2018-02-22,204
2018M02D23,2018-02-23,181
2018M02D24,2018-02-24,174
2018M02D25,2018-02-25,171
2018M02D26,2018-02-26,183
2018M02D27,2018-02-27,169
2018M02D28,2018-02-28,187
2018M03D01,2018-03-01,203
2018M03D02,2018-03-02,170
2018M03D03,2018-03-03,201
2018M03D04,2018-03-04,210
2018M03D05,2018-03-05,208
2018M03D06,2018-03-06,192
2018M03D07,2018-03-07,228
2018M03D08,2018-03-08,177
2018M03D09,2018-03-09,178
2018M03D10,2018-03-10,183
2018M03D11,2018-03-11,171
2018M03D12,2018-03-12,195
2018M03D13,2018-03-13,204
2018M03D14,2018-03-14,161
2018M03D15,2018-03-15,167
2018M03D16,2018-03-16,183
2018M03D17,2018-03-17,162
2018M03D18,2018-03-18,181
2018M03D19,2018-03-19,179
2018M03D20,2018-03-20,197
2018M03D21,2018-03-21,182
2018M03D22,2018-03-22,190
2018M03D23,2018-03-23,169
2018M03D24,2018-03-24,177
2018M03D25,2018-03-25,192
2018M03D26,2018-03-26,156
2018M03D27,2018-03-27,179
2018M03D28,2018-03-28,191
2018M03D29,2018-03-29,156
2018M03D30,2018-03-30,176
2018M03D31,2018-03-31,165
2018M04D01,2018-04-01,163
2018M04D02,2018-04-02,162
2018M04D03,2018-04-03,163
2018M04D04,2018-04-04,169
2018M04D05,2018-04-05,186
2018M04D06,2018-04-06,158
2018M04D07,2018-04-07,148
2018M04D08,2018-04-08,152
2018M04D09,2018-04-09,165
2018M04D10,2018-04-10,172
2018M04D11,2018-04-11,180
2018M04D12,2018-04-12,150
2018M04D13,2018-04-13,169
2018M04D14,2018-04-14,178
2018M04D15,2018-04-15,150
2018M04D16,2018-04-16,166
2018M04D17,2018-04-17,145
2018M04D18,2018-04-18,139
2018M04D19,2018-04-19,164
2018M04D20,2018-04-20,159
2018M04D21,2018-04-21,159
2018M04D22,2018-04-22,120
2018M04D23,2018-04-23,157
2018M04D24,2018-04-24,162
2018M04D25,2018-04-25,143
2018M04D26,2018-04-26,124
2018M04D27,2018-04-27,140
2018M04D28,2018-04-28,153
2018M04D29,2018-04-29,129
2018M04D30,2018-04-30,172
2018M05D01,2018-05-01,148
2018M05D02,2018-05-02,147
2018M05D03,2018-05-03,141
2018M05D04,2018-05-04,149
2018M05D05,2018-05-05,128
2018M05D06,2018-05-06,125
2018M05D07,2018-05-07,161
2018M05D08,2018-05-08,183
2018M05D09,2018-05-09,132
2018M05D10,2018-05-10,146
2018M05D11,2018-05-11,139
2018M05D12,2018-05-12,127
2018M05D13,2018-05-13,137
2018M05D14,2018-05-14,150
2018M05D15,2018-05-15,136
2018M05D16,2018-05-16,146
2018M05D17,2018-05-17,156
2018M05D18,2018-05-18,134
2018M05D19,2018-05-19,143
2018M05D20,2018-05-20,147
2018M05D21,2018-05-21,135
2018M05D22,2018-05-22,135
2018M05D23,2018-05-23,159
2018M05D24,2018-05-24,145
2018M05D25,2018-05-25,122
2018M05D26,2018-05-26,142
2018M05D27,2018-05-27,115
2018M05D28,2018-05-28,153
2018M05D29,2018-05-29,131
2018M05D30,2018-05-30,141
2018M05D31,2018-05-31,140
2018M06D01,2018-06-01,132
2018M06D02,2018-06-02,139
2018M06D03,2018-06-03,141
2018M06D04,2018-06-04,137
2018M06D05,2018-06-05,132
2018M06D06,2018-06-06,136
2018M06D07,2018-06-07,140
2018M06D08,2018-06-08,167
2018M06D09,2018-06-09,144
2018M06D10,2018-06-10,153
2018M06D11,2018-06-11,134
2018M06D12,2018-06-12,152
2018M06D13,2018-06-13,127
2018M06D14,2018-06-14,137
2018M06D15,2018-06-15,147
2018M06D16,2018-06-16,123
2018M06D17,2018-06-17,121
2018M06D18,2018-06-18,103
2018M06D19,2018-06-19,125
2018M06D20,2018-06-20,170
2018M06D21,2018-06-21,161
2018M06D22,2018-06-22,129
2018M06D23,2018-06-23,140
2018M06D24,2018-06-24,130
2018M06D25,2018-06-25,125
2018M06D26,2018-06-26,137
2018M06D27,2018-06-27,119
2018M06D28,2018-06-28,143
2018M06D29,2018-06-29,137
2018M06D30,2018-06-30,139
2018M07D01,2018-07-01,115
2018M07D02,2018-07-02,156
2018M07D03,2018-07-03,135
2018M07D04,2018-07-04,163
2018M07D05,2018-07-05,151
2018M07D06,2018-07-06,127
2018M07D07,2018-07-07,133
2018M07D08,2018-07-08,142
2018M07D09,2018-07-09,138
2018M07D10,2018-07-10,120
2018M07D11,2018-07-11,163
2018M07D12,2018-07-12,129
2018M07D13,2018-07-13,151
2018M07D14,2018-07-14,139
2018M07D15,2018-07-15,131
2018M07D16,2018-07-16,154
2018M07D17,2018-07-17,144
2018M07D18,2018-07-18,143
2018M07D19,2018-07-19,146
2018M07D20,2018-07-20,142
2018M07D21,2018-07-21,137
2018M07D22,2018-07-22,128
2018M07D23,2018-07-23,137
2018M07D24,2018-07-24,142
2018M07D25,2018-07-25,157
2018M07D26,2018-07-26,172
2018M07D27,2018-07-27,181
2018M07D28,2018-07-28,157
2018M07D29,2018-07-29,145
2018M07D30,2018-07-30,190
2018M07D31,2018-07-31,167
2018M08D01,2018-08-01,159
2018M08D02,2018-08-02,145
2018M08D03,2018-08-03,140
2018M08D04,2018-08-04,147
2018M08D05,2018-08-05,136
2018M08D06,2018-08-06,137
2018M08D07,2018-08-07,147
2018M08D08,2018-08-08,165
2018M08D09,2018-08-09,142
2018M08D10,2018-08-10,155
2018M08D11,2018-08-11,140
2018M08D12,2018-08-12,143
2018M08D13,2018-08-13,139
2018M08D14,2018-08-14,163
2018M08D15,2018-08-15,135
2018M08D16,2018-08-16,168
2018M08D17,2018-08-17,150
2018M08D18,2018-08-18,132
2018M08D19,2018-08-19,130
2018M08D20,2018-08-20,139
2018M08D21,2018-08-21,130
2018M08D22,2018-08-22,143
2018M08D23,2018-08-23,155
2018M08D24,2018-08-24,141
2018M08D25,2018-08-25,139
2018M08D26,2018-08-26,143
2018M08D27,2018-08-27,143
2018M08D28,2018-08-28,124
2018M08D29,2018-08-29,131
2018M08D30,2018-08-30,147
2018M08D31,2018-08-31,130
2018M09D01,2018-09-01,139
2018M09D02,2018-09-02,121
2018M09D03,2018-09-03,141
2018M09D04,2018-09-04,147
2018M09D05,2018-09-05,159
2018M09D06,2018-09-06,138
2018M09D07,2018-09-07,127
2018M09D08,2018-09-08,110
2018M09D09,2018-09-09,153
2018M09D10,2018-09-10,157
2018M09D11,2018-09-11,130
2018M09D12,2018-09-12,134
2018M09D13,2018-09-13,133
2018M09D14,2018-09-14,136
2018M09D15,2018-09-15,139
2018M09D16,2018-09-16,120
2018M09D17,2018-09-17,127
2018M09D18,2018-09-18,161
2018M09D19,2018-09-19,142
2018M09D20,2018-09-20,146
2018M09D21,2018-09-21,138
2018M09D22,2018-09-22,147
2018M09D23,2018-09-23,133
2018M09D24,2018-09-24,137
2018M09D25,2018-09-25,131
2018M09D26,2018-09-26,127
2018M09D27,2018-09-27,136
2018M09D28,2018-09-28,146
2018M09D29,2018-09-29,146
2018M09D30,2018-09-30,127
2018M10D01,2018-10-01,148
2018M10D02,2018-10-02,154
2018M10D03,2018-10-03,158
2018M10D04,2018-10-04,144
2018M10D05,2018-10-05,163
2018M10D06,2018-10-06,130
2018M10D07,2018-10-07,136
2018M10D08,2018-10-08,116
2018M10D09,2018-10-09,145
2018M10D10,2018-10-10,144
2018M10D11,2018-10-11,137
2018M10D12,2018-10-12,148
2018M10D13,2018-10-13,161
2018M10D14,2018-10-14,141
2018M10D15,2018-10-15,143
2018M10D16,2018-10-16,151
2018M10D17,2018-10-17,123
2018M10D18,2018-10-18,138
2018M10D19,2018-10-19,128
2018M10D20,2018-10-20,137
2018M10D21,2018-10-21,138
2018M10D22,2018-10-22,133
2018M10D23,2018-10-23,143
2018M10D24,2018-10-24,140
2018M10D25,2018-10-25,142
2018M10D26,2018-10-26,139
2018M10D27,2018-10-27,124
2018M10D28,2018-10-28,152
2018M10D29,2018-10-29,133
2018M10D30,2018-10-30,148
2018M10D31,2018-10-31,132
2018M11D01,2018-11-01,156
2018M11D02,2018-11-02,148
2018M11D03,2018-11-03,151
2018M11D04,2018-11-04,139
2018M11D05,2018-11-05,147
2018M11D06,2018-11-06,134
2018M11D07,2018-11-07,138
2018M11D08,2018-11-08,129
2018M11D09,2018-11-09,135
2018M11D10,2018-11-10,146
2018M11D11,2018-11-11,163
2018M11D12,2018-11-12,131
2018M11D13,2018-11-13,142
2018M11D14,2018-11-14,129
2018M11D15,2018-11-15,137
2018M11D16,2018-11-16,135
2018M11D17,2018-11-17,143
2018M11D18,2018-11-18,137
2018M11D19,2018-11-19,130
2018M11D20,2018-11-20,137
2018M11D21,2018-11-21,153
2018M11D22,2018-11-22,136
2018M11D23,2018-11-23,142
2018M11D24,2018-11-24,166
2018M11D25,2018-11-25,132
2018M11D26,2018-11-26,142
2018M11D27,2018-11-27,130
2018M11D28,2018-11-28,144
2018M11D29,2018-11-29,130
2018M11D30,2018-11-30,148
2018M12D01,2018-12-01,150
2018M12D02,2018-12-02,150
2018M12D03,2018-12-03,167
2018M12D04,2018-12-04,132
2018M12D05,2018-12-05,165
2018M12D06,2018-12-06,161
2018M12D07,2018-12-07,153
2018M12D08,2018-12-08,146
2018M12D09,2018-12-09,161
2018M12D10,2018-12-10,164
2018M12D11,2018-12-11,138
2018M12D12,2018-12-12,160
2018M12D13,2018-12-13,154
2018M12D14,2018-12-14,147
2018M12D15,2018-12-15,133
2018M12D16,2018-12-16,148
2018M12D17,2018-12-17,161
2018M12D18,2018-12-18,146
2018M12D19,2018-12-19,154
2018M12D20,2018-12-20,173
2018M12D21,2018-12-21,161
2018M12D22,2018-12-22,148
2018M12D23,2018-12-23,153
2018M12D24,2018-12-24,148
2018M12D25,2018-12-25,152
2018M12D26,2018-12-26,128
2018M12D27,2018-12-27,132
2018M12D28,2018-12-28,149
2018M12D29,2018-12-29,167
2018M12D30,2018-12-30,130
2018M12D31,2018-12-31,156
2019M01D01,2019-01-01,151
2019M01D02,2019-01-02,173
2019M01D03,2019-01-03,153
2019M01D04,2019-01-04,154
2019M01D05,2019-01-05,182
2019M01D06,2019-01-06,161
2019M01D07,2019-01-07,172
2019M01D08,2019-01-08,180
2019M01D09,2019-01-09,175
2019M01D10,2019-01-10,156
2019M01D11,2019-01-11,160
2019M01D12,2019-01-12,156
2019M01D13,2019-01-13,156
2019M01D14,2019-01-14,169
2019M01D15,2019-01-15,158
2019M01D16,2019-01-16,159
2019M01D17,2019-01-17,167
2019M01D18,2019-01-18,164
2019M01D19,2019-01-19,156
2019M01D20,2019-01-20,145
2019M01D21,2019-01-21,146
2019M01D22,2019-01-22,149
2019M01D23,2019-01-23,162
2019M01D24,2019-01-24,147
2019M01D25,2019-01-25,175
2019M01D26,2019-01-26,154
2019M01D27,2019-01-27,152
2019M01D28,2019-01-28,182
2019M01D29,2019-01-29,151
2019M01D30,2019-01-30,155
2019M01D31,2019-01-31,181
2019M02D01,2019-02-01,193
2019M02D02,2019-02-02,174
2019M02D03,2019-02-03,173
2019M02D04,2019-02-04,165
2019M02D05,2019-02-05,181
2019M02D06,2019-02-06,201
2019M02D07,2019-02-07,172
2019M02D08,2019-02-08,183
2019M02D09,2019-02-09,172
2019M02D10,2019-02-10,176
2019M02D11,2019-02-11,162
2019M02D12,2019-02-12,140
2019M02D13,2019-02-13,164
2019M02D14,2019-02-14,180
2019M02D15,2019-02-15,181
2019M02D16,2019-02-16,171
2019M02D17,2019-02-17,178
2019M02D18,2019-02-18,179
2019M02D19,2019-02-19,161
2019M02D20,2019-02-20,136
2019M02D21,2019-02-21,155
2019M02D22,2019-02-22,168
2019M02D23,2019-02-23,142
2019M02D24,2019-02-24,169
2019M02D25,2019-02-25,152
2019M02D26,2019-02-26,161
2019M02D27,2019-02-27,163
2019M02D28,2019-02-28,183
2019M03D01,2019-03-01,135
2019M03D02,2019-03-02,152
2019M03D03,2019-03-03,144
2019M03D04,2019-03-04,143
2019M03D05,2019-03-05,140
2019M03D06,2019-03-06,144
2019M03D07,2019-03-07,172
2019M03D08,2019-03-08,161
2019M03D09,2019-03-09,140
2019M03D10,2019-03-10,151
2019M03D11,2019-03-11,140
2019M03D12,2019-03-12,142
2019M03D13,2019-03-13,151
2019M03D14,2019-03-14,153
2019M03D15,2019-03-15,166
2019M03D16,2019-03-16,155
2019M03D17,2019-03-17,156
2019M03D18,2019-03-18,146
2019M03D19,2019-03-19,165
2019M03D20,2019-03-20,141
2019M03D21,2019-03-21,135
2019M03D22,2019-03-22,155
2019M03D23,2019-03-23,156
2019M03D24,2019-03-24,141
2019M03D25,2019-03-25,143
2019M03D26,2019-03-26,166
2019M03D27,2019-03-27,133
2019M03D28,2019-03-28,150
2019M03D29,2019-03-29,152
2019M03D30,2019-03-30,146
2019M03D31,2019-03-31,132
2019M04D01,2019-04-01,136
2019M04D02,2019-04-02,152
2019M04D03,2019-04-03,150
2019M04D04,2019-04-04,156
2019M04D05,2019-04-05,166
2019M04D06,2019-04-06,165
2019M04D07,2019-04-07,160
2019M04D08,2019-04-08,139
2019M04D09,2019-04-09,149
2019M04D10,2019-04-10,145
2019M04D11,2019-04-11,153
2019M04D12,2019-04-12,136
2019M04D13,2019-04-13,141
2019M04D14,2019-04-14,155
2019M04D15,2019-04-15,167
2019M04D16,2019-04-16,142
2019M04D17,2019-04-17,143
2019M04D18,2019-04-18,162
2019M04D19,2019-04-19,139
2019M04D20,2019-04-20,150
2019M04D21,2019-04-21,143
2019M04D22,2019-04-22,161
2019M04D23,2019-04-23,150
2019M04D24,2019-04-24,134
2019M04D25,2019-04-25,130
2019M04D26,2019-04-26,137
2019M04D27,2019-04-27,162
2019M04D28,2019-04-28,141
2019M04D29,2019-04-29,141
2019M04D30,2019-04-30,164
2019M05D01,2019-05-01,151
2019M05D02,2019-05-02,204
2019M05D03,2019-05-03,142
2019M05D04,2019-05-04,137
2019M05D05,2019-05-05,128
2019M05D06,2019-05-06,139
2019M05D07,2019-05-07,157
2019M05D08,2019-05-08,150
2019M05D09,2019-05-09,155
2019M05D10,2019-05-10,154
2019M05D11,2019-05-11,146
2019M05D12,2019-05-12,127
2019M05D13,2019-05-13,145
2019M05D14,2019-05-14,136
2019M05D15,2019-05-15,148
2019M05D16,2019-05-16,140
2019M05D17,2019-05-17,135
2019M05D18,2019-05-18,138
2019M05D19,2019-05-19,132
2019M05D20,2019-05-20,137
2019M05D21,2019-05-21,141
2019M05D22,2019-05-22,155
2019M05D23,2019-05-23,142
2019M05D24,2019-05-24,132
2019M05D25,2019-05-25,120
2019M05D26,2019-05-26,143
2019M05D27,2019-05-27,135
2019M05D28,2019-05-28,158
2019M05D29,2019-05-29,134
2019M05D30,2019-05-30,128
2019M05D31,2019-05-31,148
2019M06D01,2019-06-01,133
2019M06D02,2019-06-02,147
2019M06D03,2019-06-03,147
2019M06D04,2019-06-04,144
2019M06D05,2019-06-05,140
2019M06D06,2019-06-06,150
2019M06D07,2019-06-07,154
2019M06D08,2019-06-08,137
2019M06D09,2019-06-09,119
2019M06D10,2019-06-10,153
2019M06D11,2019-06-11,136
2019M06D12,2019-06-12,122
2019M06D13,2019-06-13,147
2019M06D14,2019-06-14,134
2019M06D15,2019-06-15,135
2019M06D16,2019-06-16,142
2019M06D17,2019-06-17,126
2019M06D18,2019-06-18,159
2019M06D19,2019-06-19,158
2019M06D20,2019-06-20,169
2019M06D21,2019-06-21,129
2019M06D22,2019-06-22,140
2019M06D23,2019-06-23,134
2019M06D24,2019-06-24,138
2019M06D25,2019-06-25,150
2019M06D26,2019-06-26,151
2019M06D27,2019-06-27,161
2019M06D28,2019-06-28,139
2019M06D29,2019-06-29,128
2019M06D30,2019-06-30,135
2019M07D01,2019-07-01,146
2019M07D02,2019-07-02,138
2019M07D03,2019-07-03,126
2019M07D04,2019-07-04,130
2019M07D05,2019-07-05,127
2019M07D06,2019-07-06,137
2019M07D07,2019-07-07,131
2019M07D08,2019-07-08,138
2019M07D09,2019-07-09,155
2019M07D10,2019-07-10,106
2019M07D11,2019-07-11,139
2019M07D12,2019-07-12,124
2019M07D13,2019-07-13,155
2019M07D14,2019-07-14,136
2019M07D15,2019-07-15,141
2019M07D16,2019-07-16,148
2019M07D17,2019-07-17,130
2019M07D18,2019-07-18,142
2019M07D19,2019-07-19,133
2019M07D20,2019-07-20,148
2019M07D21,2019-07-21,135
2019M07D22,2019-07-22,134
2019M07D23,2019-07-23,139
2019M07D24,2019-07-24,142
2019M07D25,2019-07-25,157
2019M07D26,2019-07-26,140
2019M07D27,2019-07-27,129
2019M07D28,2019-07-28,126
2019M07D29,2019-07-29,159
2019M07D30,2019-07-30,136
2019M07D31,2019-07-31,108
2019M08D01,2019-08-01,134
2019M08D02,2019-08-02,141
2019M08D03,2019-08-03,161
2019M08D04,2019-08-04,123
2019M08D05,2019-08-05,125
2019M08D06,2019-08-06,157
2019M08D07,2019-08-07,143
2019M08D08,2019-08-08,131
2019M08D09,2019-08-09,133
2019M08D10,2019-08-10,121
2019M08D11,2019-08-11,126
2019M08D12,2019-08-12,145
2019M08D13,2019-08-13,131
2019M08D14,2019-08-14,127
2019M08D15,2019-08-15,135
2019M08D16,2019-08-16,146
2019M08D17,2019-08-17,119
2019M08D18,2019-08-18,128
2019M08D19,2019-08-19,131
2019M08D20,2019-08-20,141
2019M08D21,2019-08-21,113
2019M08D22,2019-08-22,152
2019M08D23,2019-08-23,177
2019M08D24,2019-08-24,154
2019M08D25,2019-08-25,138
2019M08D26,2019-08-26,145
2019M08D27,2019-08-27,160
2019M08D28,2019-08-28,168
2019M08D29,2019-08-29,133
2019M08D30,2019-08-30,127
2019M08D31,2019-08-31,130
2019M09D01,2019-09-01,133
2019M09D02,2019-09-02,150
2019M09D03,2019-09-03,134
2019M09D04,2019-09-04,139
2019M09D05,2019-09-05,133
2019M09D06,2019-09-06,156
2019M09D07,2019-09-07,134
2019M09D08,2019-09-08,137
2019M09D09,2019-09-09,118
2019M09D10,2019-09-10,154
2019M09D11,2019-09-11,127
2019M09D12,2019-09-12,137
2019M09D13,2019-09-13,158
2019M09D14,2019-09-14,132
2019M09D15,2019-09-15,140
2019M09D16,2019-09-16,150
2019M09D17,2019-09-17,134
2019M09D18,2019-09-18,145
2019M09D19,2019-09-19,127
2019M09D20,2019-09-20,159
2019M09D21,2019-09-21,152
2019M09D22,2019-09-22,140
2019M09D23,2019-09-23,139
2019M09D24,2019-09-24,154
2019M09D25,2019-09-25,150
2019M09D26,2019-09-26,152
2019M09D27,2019-09-27,153
2019M09D28,2019-09-28,136
2019M09D29,2019-09-29,132
2019M09D30,2019-09-30,134
2019M10D01,2019-10-01,137
2019M10D02,2019-10-02,152
2019M10D03,2019-10-03,142
2019M10D04,2019-10-04,153
2019M10D05,2019-10-05,122
2019M10D06,2019-10-06,132
2019M10D07,2019-10-07,155
2019M10D08,2019-10-08,141
2019M10D09,2019-10-09,135
2019M10D10,2019-10-10,143
2019M10D11,2019-10-11,159
2019M10D12,2019-10-12,166
2019M10D13,2019-10-13,134
2019M10D14,2019-10-14,112
2019M10D15,2019-10-15,138
2019M10D16,2019-10-16,148
2019M10D17,2019-10-17,156
2019M10D18,2019-10-18,160
2019M10D19,2019-10-19,155
2019M10D20,2019-10-20,129
2019M10D21,2019-10-21,124
2019M10D22,2019-10-22,142
2019M10D23,2019-10-23,154
2019M10D24,2019-10-24,146
2019M10D25,2019-10-25,158
2019M10D26,2019-10-26,140
2019M10D27,2019-10-27,162
2019M10D28,2019-10-28,130
2019M10D29,2019-10-29,131
2019M10D30,2019-10-30,130
2019M10D31,2019-10-31,154
2019M11D01,2019-11-01,146
2019M11D02,2019-11-02,125
2019M11D03,2019-11-03,138
2019M11D04,2019-11-04,158
2019M11D05,2019-11-05,153
2019M11D06,2019-11-06,156
2019M11D07,2019-11-07,146
2019M11D08,2019-11-08,149
2019M11D09,2019-11-09,141
2019M11D10,2019-11-10,143
2019M11D11,2019-11-11,129
2019M11D12,2019-11-12,153
2019M11D13,2019-11-13,129
2019M11D14,2019-11-14,151
2019M11D15,2019-11-15,166
2019M11D16,2019-11-16,158
2019M11D17,2019-11-17,151
2019M11D18,2019-11-18,157
2019M11D19,2019-11-19,144
2019M11D20,2019-11-20,154
2019M11D21,2019-11-21,164
2019M11D22,2019-11-22,153
2019M11D23,2019-11-23,150
2019M11D24,2019-11-24,135
2019M11D25,2019-11-25,144
2019M11D26,2019-11-26,177
2019M11D27,2019-11-27,164
2019M11D28,2019-11-28,143
2019M11D29,2019-11-29,158
2019M11D30,2019-11-30,149
2019M12D01,2019-12-01,160
2019M12D02,2019-12-02,159
2019M12D03,2019-12-03,153
2019M12D04,2019-12-04,151
2019M12D05,2019-12-05,177
2019M12D06,2019-12-06,154
2019M12D07,2019-12-07,165
2019M12D08,2019-12-08,145
2019M12D09,2019-12-09,156
2019M12D10,2019-12-10,164
2019M12D11,2019-12-11,157
2019M12D12,2019-12-12,153
2019M12D13,2019-12-13,170
2019M12D14,2019-12-14,156
2019M12D15,2019-12-15,151
2019M12D16,2019-12-16,143
2019M12D17,2019-12-17,148
2019M12D18,2019-12-18,130
2019M12D19,2019-12-19,141
2019M12D20,2019-12-20,163
2019M12D21,2019-12-21,156
2019M12D22,2019-12-22,161
2019M12D23,2019-12-23,141
2019M12D24,2019-12-24,148
2019M12D25,2019-12-25,140
2019M12D26,2019-12-26,158
2019M12D27,2019-12-27,139
2019M12D28,2019-12-28,154
2019M12D29,2019-12-29,158
2019M12D30,2019-12-30,152
2019M12D31,2019-12-31,157
2020M01D01,2020-01-01,163
2020M01D02,2020-01-02,159
2020M01D03,2020-01-03,151
2020M01D04,2020-01-04,162
2020M01D05,2020-01-05,171
2020M01D06,2020-01-06,161
2020M01D07,2020-01-07,154
2020M01D08,2020-01-08,163
2020M01D09,2020-01-09,172
2020M01D10,2020-01-10,166
2020M01D11,2020-01-11,163
2020M01D12,2020-01-12,170
2020M01D13,2020-01-13,157
2020M01D14,2020-01-14,165
2020M01D15,2020-01-15,151
2020M01D16,2020-01-16,156
2020M01D17,2020-01-17,146
2020M01D18,2020-01-18,148
2020M01D19,2020-01-19,147
2020M01D20,2020-01-20,135
2020M01D21,2020-01-21,128
2020M01D22,2020-01-22,173
2020M01D23,2020-01-23,146
2020M01D24,2020-01-24,153
2020M01D25,2020-01-25,123
2020M01D26,2020-01-26,168
2020M01D27,2020-01-27,155
2020M01D28,2020-01-28,153
2020M01D29,2020-01-29,155
2020M01D30,2020-01-30,168
2020M01D31,2020-01-31,148
2020M02D01,2020-02-01,172
2020M02D02,2020-02-02,136
2020M02D03,2020-02-03,169
2020M02D04,2020-02-04,142
2020M02D05,2020-02-05,139
2020M02D06,2020-02-06,141
2020M02D07,2020-02-07,156
2020M02D08,2020-02-08,163
2020M02D09,2020-02-09,168
2020M02D10,2020-02-10,159
2020M02D11,2020-02-11,159
2020M02D12,2020-02-12,155
2020M02D13,2020-02-13,151
2020M02D14,2020-02-14,140
2020M02D15,2020-02-15,152
2020M02D16,2020-02-16,141
2020M02D17,2020-02-17,151
2020M02D18,2020-02-18,144
2020M02D19,2020-02-19,136
2020M02D20,2020-02-20,149
2020M02D21,2020-02-21,154
2020M02D22,2020-02-22,156
2020M02D23,2020-02-23,145
2020M02D24,2020-02-24,139
2020M02D25,2020-02-25,140
2020M02D26,2020-02-26,153
2020M02D27,2020-02-27,162
2020M02D28,2020-02-28,142
2020M02D29,2020-02-29,154
2020M03D01,2020-03-01,132
2020M03D02,2020-03-02,146
2020M03D03,2020-03-03,152
2020M03D04,2020-03-04,161
2020M03D05,2020-03-05,158
2020M03D06,2020-03-06,153
2020M03D07,2020-03-07,154
2020M03D08,2020-03-08,137
2020M03D09,2020-03-09,148
2020M03D10,2020-03-10,133
2020M03D11,2020-03-11,165
2020M03D12,2020-03-12,157
2020M03D13,2020-03-13,165
2020M03D14,2020-03-14,167
2020M03D15,2020-03-15,129
2020M03D16,2020-03-16,166
2020M03D17,2020-03-17,153
2020M03D18,2020-03-18,183
2020M03D19,2020-03-19,174
2020M03D20,2020-03-20,165
2020M03D21,2020-03-21,142
2020M03D22,2020-03-22,155
2020M03D23,2020-03-23,158
2020M03D24,2020-03-24,180
2020M03D25,2020-03-25,172
2020M03D26,2020-03-26,145
2020M03D27,2020-03-27,158
2020M03D28,2020-03-28,170
2020M03D29,2020-03-29,127
2020M03D30,2020-03-30,162
2020M03D31,2020-03-31,165
2020M04D01,2020-04-01,159
2020M04D02,2020-04-02,170
2020M04D03,2020-04-03,167
2020M04D04,2020-04-04,160
2020M04D05,2020-04-05,170
2020M04D06,2020-04-06,191
2020M04D07,2020-04-07,164
2020M04D08,2020-04-08,142
2020M04D09,2020-04-09,157
2020M04D10,2020-04-10,159
2020M04D11,2020-04-11,172
2020M04D12,2020-04-12,157
2020M04D13,2020-04-13,151
2020M04D14,2020-04-14,146
2020M04D15,2020-04-15,185
2020M04D16,2020-04-16,145
2020M04D17,2020-04-17,166
2020M04D18,2020-04-18,165
2020M04D19,2020-04-19,117
2020M04D20,2020-04-20,165
2020M04D21,2020-04-21,150
2020M04D22,2020-04-22,150
2020M04D23,2020-04-23,164
2020M04D24,2020-04-24,148
2020M04D25,2020-04-25,137
2020M04D26,2020-04-26,168
2020M04D27,2020-04-27,157
2020M04D28,2020-04-28,160
2020M04D29,2020-04-29,150
2020M04D30,2020-04-30,138
2020M05D01,2020-05-01,146
2020M05D02,2020-05-02,150
2020M05D03,2020-05-03,143
2020M05D04,2020-05-04,146
2020M05D05,2020-05-05,129
2020M05D06,2020-05-06,148
2020M05D07,2020-05-07,158
2020M05D08,2020-05-08,150
2020M05D09,2020-05-09,153
2020M05D10,2020-05-10,140
2020M05D11,2020-05-11,132
2020M05D12,2020-05-12,119
2020M05D13,2020-05-13,137
2020M05D14,2020-05-14,137
2020M05D15,2020-05-15,142
2020M05D16,2020-05-16,148
2020M05D17,2020-05-17,135
2020M05D18,2020-05-18,141
2020M05D19,2020-05-19,151
2020M05D20,2020-05-20,149
2020M05D21,2020-05-21,140
2020M05D22,2020-05-22,127
2020M05D23,2020-05-23,156
2020M05D24,2020-05-24,129
2020M05D25,2020-05-25,124
2020M05D26,2020-05-26,149
2020M05D27,2020-05-27,134
2020M05D28,2020-05-28,123
2020M05D29,2020-05-29,138
2020M05D30,2020-05-30,152
2020M05D31,2020-05-31,144
2020M06D01,2020-06-01,128
2020M06D02,2020-06-02,151
2020M06D03,2020-06-03,139
2020M06D04,2020-06-04,145
2020M06D05,2020-06-05,154
2020M06D06,2020-06-06,131
2020M06D07,2020-06-07,110
2020M06D08,2020-06-08,135
2020M06D09,2020-06-09,124
2020M06D10,2020-06-10,140
2020M06D11,2020-06-11,160
2020M06D12,2020-06-12,148
2020M06D13,2020-06-13,151
2020M06D14,2020-06-14,140
2020M06D15,2020-06-15,129
2020M06D16,2020-06-16,144
2020M06D17,2020-06-17,151
2020M06D18,2020-06-18,127
2020M06D19,2020-06-19,139
2020M06D20,2020-06-20,131
2020M06D21,2020-06-21,126
2020M06D22,2020-06-22,132
2020M06D23,2020-06-23,129
2020M06D24,2020-06-24,127
2020M06D25,2020-06-25,161
2020M06D26,2020-06-26,156
2020M06D27,2020-06-27,144
2020M06D28,2020-06-28,128
2020M06D29,2020-06-29,133
2020M06D30,2020-06-30,151
2020M07D01,2020-07-01,162
2020M07D02,2020-07-02,129
2020M07D03,2020-07-03,133
2020M07D04,2020-07-04,154
2020M07D05,2020-07-05,133
2020M07D06,2020-07-06,134
2020M07D07,2020-07-07,135
2020M07D08,2020-07-08,132
2020M07D09,2020-07-09,137
2020M07D10,2020-07-10,136
2020M07D11,2020-07-11,156
2020M07D12,2020-07-12,126
2020M07D13,2020-07-13,156
2020M07D14,2020-07-14,151
2020M07D15,2020-07-15,157
2020M07D16,2020-07-16,115
2020M07D17,2020-07-17,143
2020M07D18,2020-07-18,148
2020M07D19,2020-07-19,154
2020M07D20,2020-07-20,129
2020M07D21,2020-07-21,131
2020M07D22,2020-07-22,144
2020M07D23,2020-07-23,125
2020M07D24,2020-07-24,148
2020M07D25,2020-07-25,116
2020M07D26,2020-07-26,147
2020M07D27,2020-07-27,147
2020M07D28,2020-07-28,135
2020M07D29,2020-07-29,148
2020M07D30,2020-07-30,132
2020M07D31,2020-07-31,136
2020M08D01,2020-08-01,146
2020M08D02,2020-08-02,138
2020M08D03,2020-08-03,138
2020M08D04,2020-08-04,116
2020M08D05,2020-08-05,137
2020M08D06,2020-08-06,135
2020M08D07,2020-08-07,121
2020M08D08,2020-08-08,151
2020M08D09,2020-08-09,157
2020M08D10,2020-08-10,151
2020M08D11,2020-08-11,169
2020M08D12,2020-08-12,114
2020M08D13,2020-08-13,155
2020M08D14,2020-08-14,141
2020M08D15,2020-08-15,134
2020M08D16,2020-08-16,126
2020M08D17,2020-08-17,152
2020M08D18,2020-08-18,154
2020M08D19,2020-08-19,137
2020M08D20,2020-08-20,135
2020M08D21,2020-08-21,140
2020M08D22,2020-08-22,132
2020M08D23,2020-08-23,138
2020M08D24,2020-08-24,117
2020M08D25,2020-08-25,141
2020M08D26,2020-08-26,146
2020M08D27,2020-08-27,151
2020M08D28,2020-08-28,126
2020M08D29,2020-08-29,143
2020M08D30,2020-08-30,125
2020M08D31,2020-08-31,134
2020M09D01,2020-09-01,129
2020M09D02,2020-09-02,153
2020M09D03,2020-09-03,150
2020M09D04,2020-09-04,146
2020M09D05,2020-09-05,144
2020M09D06,2020-09-06,128
2020M09D07,2020-09-07,130
2020M09D08,2020-09-08,129
2020M09D09,2020-09-09,153
2020M09D10,2020-09-10,152
2020M09D11,2020-09-11,132
2020M09D12,2020-09-12,146
2020M09D13,2020-09-13,130
2020M09D14,2020-09-14,163
2020M09D15,2020-09-15,144
2020M09D16,2020-09-16,150
2020M09D17,2020-09-17,156
2020M09D18,2020-09-18,165
2020M09D19,2020-09-19,143
2020M09D20,2020-09-20,155
2020M09D21,2020-09-21,148
2020M09D22,2020-09-22,133
2020M09D23,2020-09-23,128
2020M09D24,2020-09-24,128
2020M09D25,2020-09-25,121
2020M09D26,2020-09-26,170
2020M09D27,2020-09-27,121